{
	"skin-name": "sg",
	"preview-bg": "#383838",
	"text": "#ffffff",
	"text-inverse": "#383838",
	"text-disabled": "#aaaaaa",
	"has-gradients": false,
	"has-radius": true,
	"has-boxshadow": false,
	"btn-text": "#ffffff",
	"btn-text-shadow": "#383838",
	"btn-bg": "#383838",
	"btn-bg-hlight": "#868686",
	"btn-border-top": "rgba(140,140,140,0.5)",
	"btn-border-right": "rgba(112,112,112,0.5)",
	"btn-border-bottom": "rgba(120,120,120,0.25)",
	"btn-border-left": "rgba(107,107,107,0.5)",
	"btn-split-border": "#6e6e6e",
	"btn-primary-text": "#ffffff",
	"btn-primary-text-shadow": "#383838",
	"btn-primary-bg": "#c2d347",
	"btn-primary-bg-hlight": "#8d9a26",
	"menu-bg": "#474747",
	"menu-border": "rgba(0,0,0,0.2)",
	"menuitem-text": "#ffffff",
	"menuitem-bg-selected": "#7d962f",
	"menuitem-bg-selected-hlight": "#7d962f",
	"menuitem-separator-top": "#b3b3b3",
	"menuitem-separator-bottom": "#ffffff",
	"menuitem-text-inverse": "#ffffff",
	"menuitem-bg-active": "#c2d347",
	"menuitem-text-active": "#383838",
	"menuitem-preview-border-active": "#8d9a26",
	"checkbox-border": "#8f8f8f",
	"checkbox-border-focus": "#a6a6a6",
	"panel-border": "#9e9e9e",
	"panel-bg": "#474747",
	"panel-bg-hlight": "#474747",
	"textbox-bg": "#5c5c5c",
	"textbox-border": "#8f8f8f",
	"textbox-border-focus": "#a6a6a6",
	"window-bg": "#474747",
	"window-border": "#c4c4c4",
	"tab-bg": "#828282",
	"tab-bg-hover": "#616161",
	"tab-bg-active": "#474747",
	"tab-border": "#9e9e9e",
	"colorbtn-backcolor-bg": "#bbbbbb",
	"grid-border": "#d6d6d6",
	"grid-border-active": "#d6d6d6"
}